Seqid,Pos,Qual,Nalleles,Alleles,Type,Callrate,MAF,Chromosome,Strand,Gene,Description,A01,A04,A19,A20,A21,A28,A34,A36,A37,A39,A40,B01,B04,B_19,B_22,B_23,B_27,B_28,B_32,B_33
AE017341.1,474535,7741.5,1,G.C,SNP,1.0,0.9673913043478259,1,-1,CNA01770,endoplasmic reticulum protein  putative,0.0,0.0,0.0,0.0,0.0,0.0,0.0,0.0,0.0,0.0,0.0,0.0,0.0,0.0,1.0,1.0,0.0,1.0,0.0,0.0
AE017341.1,835830,2229.39,1,C.A,SNP,1.0,0.9891304347826086,1,1,CNA03160,heat shock protein sks2 (heat shock cognate protein hsc1)  putative,0.0,0.0,1.0,0.0,0.0,0.0,0.0,0.0,0.0,0.0,0.0,0.0,0.0,0.0,0.0,0.0,0.0,0.0,0.0,0.0
AE017341.1,2235752,980.044,1,CTA.CTTA,ins,1.0,0.9891304347826086,1,0,,,0.0,0.0,1.0,0.0,0.0,0.0,0.0,0.0,0.0,0.0,0.0,0.0,0.0,0.0,0.0,0.0,0.0,0.0,0.0,0.0
AE017342.1,1019660,846.2689999999999,1,G.A,SNP,1.0,0.9891304347826086,2,1,CNB03390,nucleus protein  putative,0.0,0.0,0.0,0.0,1.0,0.0,0.0,0.0,0.0,0.0,0.0,0.0,0.0,0.0,0.0,0.0,0.0,0.0,0.0,0.0
AE017342.1,1428283,4946.5,1,G.T,SNP,1.0,0.9782608695652174,2,-1,CNB05000,conserved hypothetical protein,1.0,1.0,0.0,0.0,0.0,0.0,0.0,0.0,0.0,0.0,0.0,0.0,0.0,0.0,0.0,0.0,0.0,0.0,0.0,0.0
AE017342.1,1432809,1704.23,1,TTCTGACAACAGTCCGTCATCATCCAATAAT.TT,del,1.0,0.9782608695652174,2,0,,,1.0,1.0,0.0,0.0,0.0,0.0,0.0,0.0,0.0,0.0,0.0,0.0,0.0,0.0,0.0,0.0,0.0,0.0,0.0,0.0
AE017343.1,244269,2349.37,1,CT.TG,MNP,1.0,0.9891304347826086,3,1,CNC00850,transporter  putative,0.0,0.0,0.0,0.0,0.0,0.0,0.0,0.0,0.0,0.0,0.0,0.0,0.0,0.0,0.0,0.0,0.0,0.0,1.0,0.0
AE017343.1,1534147,5715.59,1,T.A,SNP,1.0,0.9782608695652174,3,0,,,0.0,0.0,0.0,0.0,0.0,0.0,0.0,0.0,0.0,1.0,1.0,0.0,0.0,0.0,0.0,0.0,0.0,0.0,0.0,0.0
AE017344.1,805614,1761.87,1,C.A,SNP,1.0,0.9891304347826086,4,1,CND02980,parallel beta-helix repeat protein,0.0,0.0,0.0,0.0,0.0,0.0,0.0,0.0,0.0,0.0,0.0,1.0,0.0,0.0,0.0,0.0,0.0,0.0,0.0,0.0
AE017344.1,1501792,2667.81,1,A.C,SNP,1.0,0.9891304347826086,4,1,CND05540,negative regulation of transcription from Pol III promoter-related protein  putative,0.0,0.0,0.0,0.0,0.0,0.0,0.0,0.0,0.0,0.0,0.0,0.0,0.0,1.0,0.0,0.0,0.0,0.0,0.0,0.0
AE017346.1,565651,2505.27,1,C.T,SNP,1.0,0.9891304347826086,6,0,,,0.0,0.0,0.0,0.0,0.0,0.0,0.0,0.0,0.0,0.0,0.0,0.0,0.0,1.0,0.0,0.0,0.0,0.0,0.0,0.0
AE017347.1,727644,3099.74,1,A.G,SNP,1.0,0.9891304347826086,7,1,CNG02570,hypothetical protein,0.0,0.0,0.0,0.0,0.0,0.0,0.0,0.0,0.0,0.0,0.0,0.0,0.0,0.0,0.0,0.0,0.0,0.0,0.0,1.0
AE017348.1,292858,1679.18,1,T.G,SNP,1.0,0.9891304347826086,8,-1,CNH02940,hypothetical protein,0.0,0.0,0.0,0.0,0.0,0.0,0.0,0.0,0.0,0.0,0.0,0.0,1.0,0.0,0.0,0.0,0.0,0.0,0.0,0.0
AE017348.1,333253,5256.35,1,A.G,SNP,1.0,0.9782608695652174,8,-1,CNH02810,conserved hypothetical protein,0.0,0.0,0.0,0.0,0.0,0.0,0.0,1.0,1.0,0.0,0.0,0.0,0.0,0.0,0.0,0.0,0.0,0.0,0.0,0.0
AE017350.1,470829,1392.94,1,A.T,SNP,1.0,0.9891304347826086,10,1,CNJ01600,G-protein coupled receptor,0.0,0.0,0.0,0.0,0.0,0.0,0.0,0.0,0.0,0.0,0.0,0.0,0.0,0.0,0.0,0.0,1.0,0.0,0.0,0.0
AE017350.1,615633,2282.52,1,C.G,SNP,1.0,0.9891304347826086,10,1,CNJ02100,monosaccharide transporter  putative,0.0,0.0,0.0,0.0,0.0,0.0,0.0,0.0,0.0,1.0,0.0,0.0,0.0,0.0,0.0,0.0,0.0,0.0,0.0,0.0
AE017350.1,804111,2021.36,1,A.G,SNP,1.0,0.9891304347826086,10,0,,,0.0,0.0,0.0,0.0,0.0,0.0,1.0,0.0,0.0,0.0,0.0,0.0,0.0,0.0,0.0,0.0,0.0,0.0,0.0,0.0
AE017353.1,72659,2682.85,1,A.G,SNP,1.0,0.9891304347826086,13,1,CNM00290,conserved hypothetical protein,0.0,0.0,0.0,1.0,0.0,0.0,0.0,0.0,0.0,0.0,0.0,0.0,0.0,0.0,0.0,0.0,0.0,0.0,0.0,0.0
AE017353.1,295570,528.774,1,TAATAAG.TAAATAAG,ins,1.0,0.9891304347826086,13,1,CNM00990,cyclin 1,0.0,0.0,0.0,0.0,0.0,1.0,0.0,0.0,0.0,0.0,0.0,0.0,0.0,0.0,0.0,0.0,0.0,0.0,0.0,0.0
AE017353.1,663313,3231.8,1,C.T,SNP,1.0,0.9891304347826086,13,0,,,0.0,0.0,0.0,0.0,0.0,0.0,0.0,0.0,0.0,1.0,0.0,0.0,0.0,0.0,0.0,0.0,0.0,0.0,0.0,0.0
